"","edid","year","variable","party","value"
"1","","","","",""
"2","001","2011","DELIS","ONTARIO LIBERTARIAN PARTY","299"
"3","001","2011","DICKSON","LIBERAL                        ","19606"
"4","001","2011","MCCARTHY","PROGRESSIVE CONSERVATIVE       ","14718"
"5","001","2011","TOMAN","GREEN                          ","843"
"6","001","2011","WISEMAN","NEW DEMOCRATIC                 ","5952"
"7","001","2011","REJECTED","REJECTED","117"
"8","001","2011","UNMARKED","UNMARKED","34"
"9","001","2011","DECLINED","DECLINED","21"
"10","001","2011","VOTER_TURNOUT","VOTER_TURNOUT","41590"
"11","001","2011","ELECTORS","ELECTORS","92745"
"12","002","2011","BROWN","LIBERAL                        ","7397"
"13","002","2011","CHAPMAN","PROGRESSIVE CONSERVATIVE       ","6141"
"14","002","2011","HOFFMAN","FAMILY COALITION PARTY OF ONTARIO","217"
"15","002","2011","MANTHA","NEW DEMOCRATIC                 ","11585"
"16","002","2011","TILSON","GREEN                          ","684"
"17","002","2011","REJECTED","REJECTED","100"
"18","002","2011","UNMARKED","UNMARKED","24"
"19","002","2011","DECLINED","DECLINED","10"
"20","002","2011","VOTER_TURNOUT","VOTER_TURNOUT","26158"
"21","002","2011","ELECTORS","ELECTORS","52919"
"22","003","2011","COVERDALE","GREEN                          ","1477"
"23","003","2011","GUNDERMAN SMITH","GUNDERMAN SMITH","87"
"24","003","2011","LANGTON","ONTARIO LIBERTARIAN PARTY","258"
"25","003","2011","MATON","FAMILY COALITION PARTY OF ONTARIO","321"
"26","003","2011","MCMEEKIN","LIBERAL                        ","21648"
"27","003","2011","MELANSON","FREEDOM                        ","99"
"28","003","2011","SKELLY","PROGRESSIVE CONSERVATIVE       ","17132"
"29","003","2011","WESTERHOFF","NEW DEMOCRATIC                 ","8521"
"30","003","2011","REJECTED","REJECTED","104"
"31","003","2011","UNMARKED","UNMARKED","41"
"32","003","2011","DECLINED","DECLINED","35"
"33","003","2011","VOTER_TURNOUT","VOTER_TURNOUT","49723"
"34","003","2011","ELECTORS","ELECTORS","88080"
"35","004","2011","CLARK","NEW DEMOCRATIC                 ","8171"
"36","004","2011","JACKSON","PROGRESSIVE CONSERVATIVE       ","17527"
"37","004","2011","MACKENZIE","FREEDOM                        ","179"
"38","004","2011","MILLER","GREEN                          ","1909"
"39","004","2011","ROSKAM","ONTARIO LIBERTARIAN PARTY","318"
"40","004","2011","WALSH","LIBERAL                        ","15006"
"41","004","2011","REJECTED","REJECTED","115"
"42","004","2011","UNMARKED","UNMARKED","40"
"43","004","2011","DECLINED","DECLINED","26"
"44","004","2011","VOTER_TURNOUT","VOTER_TURNOUT","43291"
"45","004","2011","ELECTORS","ELECTORS","94114"
"46","005","2011","ALI","GREEN                          ","1025"
"47","005","2011","BURSTYN","LIBERAL                        ","13813"
"48","005","2011","MENARY","PROGRESSIVE CONSERVATIVE       ","5333"
"49","005","2011","POLEY-FISHER","FREEDOM                        ","144"
"50","005","2011","PRUE","NEW DEMOCRATIC                 ","17925"
"51","005","2011","ROSS","THE ONLY PARTY","45"
"52","005","2011","REJECTED","REJECTED","81"
"53","005","2011","UNMARKED","UNMARKED","53"
"54","005","2011","DECLINED","DECLINED","28"
"55","005","2011","VOTER_TURNOUT","VOTER_TURNOUT","38447"
"56","005","2011","ELECTORS","ELECTORS","74450"
"57","006","2011","KULAR","LIBERAL                        ","14349"
"58","006","2011","LEE","ONTARIO LIBERTARIAN PARTY","738"
"59","006","2011","MAINGI","PROGRESSIVE CONSERVATIVE       ","9896"
"60","006","2011","MCLACHLAN","INDEPENDENT","491"
"61","006","2011","O'MARRA","FAMILY COALITION PARTY OF ONTARIO","381"
"62","006","2011","SINGH","NEW DEMOCRATIC                 ","16626"
"63","006","2011","THORNHAM","GREEN                          ","1091"
"64","006","2011","REJECTED","REJECTED","199"
"65","006","2011","UNMARKED","UNMARKED","102"
"66","006","2011","DECLINED","DECLINED","20"
"67","006","2011","VOTER_TURNOUT","VOTER_TURNOUT","43893"
"68","006","2011","ELECTORS","ELECTORS","107820"
"69","007","2011","DUNCAN","GREEN                          ","900"
"70","007","2011","HUNDAL","PROGRESSIVE CONSERVATIVE       ","12754"
"71","007","2011","JEFFREY","LIBERAL                        ","15663"
"72","007","2011","ROWLEY","COMMUNIST                      ","152"
"73","007","2011","SADIQ","ONTARIO PROVINCIAL CONFEDERATION OF REGIONS PARTY","81"
"74","007","2011","SINGH","NEW DEMOCRATIC                 ","136"
"75","007","2011","SINGH","NEW DEMOCRATIC                 ","136"
"76","007","2011","WYSOKINSKI","FAMILY COALITION PARTY OF ONTARIO","193"
"77","007","2011","REJECTED","REJECTED","144"
"78","007","2011","UNMARKED","UNMARKED","82"
"79","007","2011","DECLINED","DECLINED","11"
"80","007","2011","VOTER_TURNOUT","VOTER_TURNOUT","35494"
"81","007","2011","ELECTORS","ELECTORS","87543"
"82","008","2011","CHMELYK","GREEN                          ","1432"
"83","008","2011","DHILLON","LIBERAL                        ","19224"
"84","008","2011","HARLSON","FREEDOM                        ","509"
"85","008","2011","KATHURIA","NEW DEMOCRATIC                 ","8331"
"86","008","2011","SHENOUDA","PROGRESSIVE CONSERVATIVE       ","14434"
"87","008","2011","REJECTED","REJECTED","163"
"88","008","2011","UNMARKED","UNMARKED","82"
"89","008","2011","DECLINED","DECLINED","22"
"90","008","2011","VOTER_TURNOUT","VOTER_TURNOUT","44197"
"91","008","2011","ELECTORS","ELECTORS","115431"
"92","009","2011","BURNS","GREEN                          ","957"
"93","009","2011","FERGUSON","ONTARIO LIBERTARIAN PARTY","190"
"94","009","2011","HOCKLEY","FAMILY COALITION PARTY OF ONTARIO","237"
"95","009","2011","JENNER","FREEDOM                        ","136"
"96","009","2011","LEVAC","LIBERAL                        ","16867"
"97","009","2011","SITKO","INDEPENDENT","244"
"98","009","2011","ST. AMANT","ST. AMANT","15761"
"99","009","2011","TURMEL","PATRON                         ","86"
"100","009","2011","VAN TILBORG","VAN TILBORG","11006"
"101","009","2011","REJECTED","REJECTED","135"
"102","009","2011","UNMARKED","UNMARKED","34"
"103","009","2011","DECLINED","DECLINED","26"
"104","009","2011","VOTER_TURNOUT","VOTER_TURNOUT","45679"
"105","009","2011","ELECTORS","ELECTORS","94717"
"106","010","2011","ECCLES","LIBERAL                        ","10889"
"107","010","2011","JOHNSTONE","NEW DEMOCRATIC                 ","6133"
"108","010","2011","JOLLEY","INDEPENDENT","1478"
"109","010","2011","KIDD","FAMILY COALITION PARTY OF ONTARIO","339"
"110","010","2011","MARSHALL","GREEN                          ","2654"
"111","010","2011","MILLER","GREEN                          ","246"
"112","010","2011","WALKER","PROGRESSIVE CONSERVATIVE       ","19567"
"113","010","2011","REJECTED","REJECTED","100"
"114","010","2011","UNMARKED","UNMARKED","49"
"115","010","2011","DECLINED","DECLINED","15"
"116","010","2011","VOTER_TURNOUT","VOTER_TURNOUT","41470"
"117","010","2011","ELECTORS","ELECTORS","75809"
"118","011","2011","BRANNAN","FREEDOM                        ","156"
"119","011","2011","BROWN","LIBERAL                        ","1129"
"120","011","2011","GILES","ONTARIO LIBERTARIAN PARTY","639"
"121","011","2011","MCKENNA","PROGRESSIVE CONSERVATIVE       ","20061"
"122","011","2011","O'BRIEN","FAMILY COALITION PARTY OF ONTARIO","380"
"123","011","2011","RUSSELL","NEW DEMOCRATIC                 ","9370"
"124","011","2011","SAKRAN","LIBERAL                        ","17909"
"125","011","2011","REJECTED","REJECTED","140"
"126","011","2011","UNMARKED","UNMARKED","56"
"127","011","2011","DECLINED","DECLINED","35"
"128","011","2011","VOTER_TURNOUT","VOTER_TURNOUT","49875"
"129","011","2011","ELECTORS","ELECTORS","90964"
"130","012","2011","BANKOLE","NEW DEMOCRATIC                 ","10414"
"131","012","2011","DETTWEILER","ONTARIO LIBERTARIAN PARTY","629"
"132","012","2011","LEONE","PROGRESSIVE CONSERVATIVE       ","15947"
"133","012","2011","MALETTE","GREEN                          ","1056"
"134","012","2011","MCGARRY","LIBERAL                        ","13993"
"135","012","2011","ROSS","THE ONLY PARTY","271"
"136","012","2011","REJECTED","REJECTED","119"
"137","012","2011","UNMARKED","UNMARKED","41"
"138","012","2011","DECLINED","DECLINED","27"
"139","012","2011","VOTER_TURNOUT","VOTER_TURNOUT","42497"
"140","012","2011","ELECTORS","ELECTORS","92310"
"141","013","2011","BREDFELDT","FAMILY COALITION PARTY OF ONTARIO","549"
"142","013","2011","CORNELL","LIBERAL                        ","19144"
"143","013","2011","DUFF","NEW DEMOCRATIC                 ","6371"
"144","013","2011","MACLAREN","PROGRESSIVE CONSERVATIVE       ","28246"
"145","013","2011","SIMSER","GREEN                          ","1857"
"146","013","2011","REJECTED","REJECTED","134"
"147","013","2011","UNMARKED","UNMARKED","34"
"148","013","2011","DECLINED","DECLINED","36"
"149","013","2011","VOTER_TURNOUT","VOTER_TURNOUT","56371"
"150","013","2011","ELECTORS","ELECTORS","105368"
"151","014","2011","NAVARRO","NEW DEMOCRATIC                 ","8415"
"152","014","2011","NICHOLLS","PROGRESSIVE CONSERVATIVE       ","15121"
"153","014","2011","SULLIVAN","GREEN                          ","1027"
"154","014","2011","WATSON","LIBERAL                        ","11631"
"155","014","2011","REJECTED","REJECTED","133"
"156","014","2011","UNMARKED","UNMARKED","66"
"157","014","2011","DECLINED","DECLINED","34"
"158","014","2011","VOTER_TURNOUT","VOTER_TURNOUT","36427"
"159","014","2011","ELECTORS","ELECTORS","73727"
"160","015","2011","CAUCHI","FREEDOM                        ","96"
"161","015","2011","DE JONG","DE JONG","855"
"162","015","2011","FIGUEROA","COMMUNIST                      ","163"
"163","015","2011","GHIWOT","THE ONLY PARTY","33"
"164","015","2011","JAGG","INDEPENDENT","250"
"165","015","2011","MARTINS","LIBERAL                        ","12953"
"166","015","2011","RUSSELL","NEW DEMOCRATIC                 ","2480"
"167","015","2011","SCHEIN","NEW DEMOCRATIC                 ","14367"
"168","015","2011","THOMPSON","PARTY FOR HUMAN RIGHTS IN ONTARIO","82"
"169","015","2011","REJECTED","REJECTED","118"
"170","015","2011","UNMARKED","UNMARKED","47"
"171","015","2011","DECLINED","DECLINED","13"
"172","015","2011","VOTER_TURNOUT","VOTER_TURNOUT","31457"
"173","015","2011","ELECTORS","ELECTORS","68998"
"174","16","2011","BEDROSYAN","GREEN                          ","702"
"175","16","2011","COTEAU","LIBERAL                        ","16350"
"176","16","2011","HILLIARD","NEW DEMOCRATIC                 ","5953"
"177","16","2011","KIDD","FAMILY COALITION PARTY OF ONTARIO","187"
"178","16","2011","LENDE","PROGRESSIVE CONSERVATIVE       ","8705"
"179","16","2011","SIMMONS","FREEDOM                        ","113"
"180","16","2011","REJECTED","REJECTED","100"
"181","16","2011","UNMARKED","UNMARKED","53"
"182","16","2011","DECLINED","DECLINED","22"
"183","16","2011","VOTER_TURNOUT","VOTER_TURNOUT","32185"
"184","16","2011","ELECTORS","ELECTORS","69851"
"185","017","2011","AHMED","NEW DEMOCRATIC                 ","3621"
"186","017","2011","DEB","FREEDOM                        ","74"
"187","017","2011","FLISS","GREEN                          ","718"
"188","017","2011","KABITSIS","COMMUNIST                      ","125"
"189","017","2011","MANDEL-CAMPBELL","PROGRESSIVE CONSERVATIVE       ","12827"
"190","017","2011","WAIGH","VEGAN ENVIRONMENTAL PARTY","108"
"191","017","2011","WYNNE","LIBERAL                        ","24444"
"192","017","2011","REJECTED","REJECTED","64"
"193","017","2011","UNMARKED","UNMARKED","43"
"194","017","2011","DECLINED","DECLINED","11"
"195","017","2011","VOTER_TURNOUT","VOTER_TURNOUT","42035"
"196","017","2011","ELECTORS","ELECTORS","82533"
"197","018","2011","GVENTER","NEW DEMOCRATIC                 ","4200"
"198","018","2011","HOLLOWAY","LIBERAL                        ","10162"
"199","018","2011","JONES","PROGRESSIVE CONSERVATIVE       ","17833"
"200","018","2011","KOWALEWSKI","ONTARIO LIBERTARIAN PARTY","250"
"201","018","2011","STRANG","GREEN                          ","5540"
"202","018","2011","REJECTED","REJECTED","109"
"203","018","2011","UNMARKED","UNMARKED","34"
"204","018","2011","DECLINED","DECLINED","23"
"205","018","2011","VOTER_TURNOUT","VOTER_TURNOUT","38151"
"206","018","2011","ELECTORS","ELECTORS","79918"
"207","019","2011","BARNICOAT","ONTARIO LIBERTARIAN PARTY","424"
"208","019","2011","O'TOOLE","PROGRESSIVE CONSERVATIVE       ","22393"
"209","019","2011","SOMERVILLE","LIBERAL                        ","13394"
"210","019","2011","STRUTT","FREEDOM                        ","172"
"211","019","2011","TERRY","NEW DEMOCRATIC                 ","8027"
"212","019","2011","YAGHLEDJIAN","GREEN                          ","1221"
"213","019","2011","REJECTED","REJECTED","120"
"214","019","2011","UNMARKED","UNMARKED","33"
"215","019","2011","DECLINED","DECLINED","20"
"216","019","2011","VOTER_TURNOUT","VOTER_TURNOUT","45804"
"217","019","2011","ELECTORS","ELECTORS","92096"
"218","020","2011","BONE","FREEDOM                        ","152"
"219","020","2011","COLLE","LIBERAL                        ","20752"
"220","020","2011","DERVISHI","NEW DEMOCRATIC                 ","3763"
"221","020","2011","GREEN","INDEPENDENT","146"
"222","020","2011","RACHLIS","GREEN                          ","575"
"223","020","2011","REDDY","PARTY FOR PEOPLE WITH SPECIAL NEEDS","79"
"224","020","2011","ROSSI","PROGRESSIVE CONSERVATIVE       ","12857"
"225","020","2011","REJECTED","REJECTED","118"
"226","020","2011","UNMARKED","UNMARKED","43"
"227","020","2011","DECLINED","DECLINED","11"
"228","020","2011","VOTER_TURNOUT","VOTER_TURNOUT","38496"
"229","020","2011","ELECTORS","ELECTORS","74309"
"230","021","2011","BALDWIN-SANDS","LIBERAL                        ","11075"
"231","021","2011","CORNISH","NEW DEMOCRATIC                 ","9201"
"232","021","2011","LOEWEN","GREEN                          ","981"
"233","021","2011","MCKEEVER","FREEDOM                        ","283"
"234","021","2011","YUREK","PROGRESSIVE CONSERVATIVE       ","19771"
"235","021","2011","REJECTED","REJECTED","80"
"236","021","2011","UNMARKED","UNMARKED","59"
"237","021","2011","DECLINED","DECLINED","15"
"238","021","2011","VOTER_TURNOUT","VOTER_TURNOUT","41465"
"239","021","2011","ELECTORS","ELECTORS","80858"
"240","022","2011","BRISTER","PROGRESSIVE CONSERVATIVE       ","16049"
"241","022","2011","MATYI","GREEN                          ","860"
"242","022","2011","NATYSHAK","NEW DEMOCRATIC                 ","17417"
"243","022","2011","SCHMIDT","LIBERAL                        ","11518"
"244","022","2011","REJECTED","REJECTED","98"
"245","022","2011","UNMARKED","UNMARKED","50"
"246","022","2011","DECLINED","DECLINED","20"
"247","022","2011","VOTER_TURNOUT","VOTER_TURNOUT","46012"
"248","022","2011","ELECTORS","ELECTORS","89549"
"249","023","2011","BUSSMANN","ONTARIO LIBERTARIAN PARTY","422"
"250","023","2011","CANSFIELD","LIBERAL                        ","21916"
"251","023","2011","DEMONTE-WHELAN","PROGRESSIVE CONSERVATIVE       ","13956"
"252","023","2011","MILLICAN","FAMILY COALITION PARTY OF ONTARIO","231"
"253","023","2011","RENDA","FREEDOM                        ","108"
"254","023","2011","RIVERO","NEW DEMOCRATIC                 ","5099"
"255","023","2011","SAN JUAN","SAN JUAN","837"
"256","023","2011","REJECTED","REJECTED","213"
"257","023","2011","UNMARKED","UNMARKED","38"
"258","023","2011","DECLINED","DECLINED","22"
"259","023","2011","VOTER_TURNOUT","VOTER_TURNOUT","42842"
"260","023","2011","ELECTORS","ELECTORS","81413"
"261","24","2011","BROMBACHER","FREEDOM                        ","174"
"262","24","2011","BROTEN","LIBERAL                        ","22169"
"263","24","2011","COLEY","NEW DEMOCRATIC                 ","6713"
"264","24","2011","KUNOV","ONTARIO LIBERTARIAN PARTY","172"
"265","24","2011","LETONJA","INDEPENDENT","113"
"266","24","2011","LOCHWIN","SOCIALIST PARTY OF ONTARIO","125"
"267","24","2011","MACKAY","NO AFFILIATION","113"
"268","24","2011","NYILASSY","PROGRESSIVE CONSERVATIVE       ","12705"
"269","24","2011","SALEWSKY","GREEN                          ","1164"
"270","24","2011","REJECTED","REJECTED","172"
"271","24","2011","UNMARKED","UNMARKED","57"
"272","24","2011","DECLINED","DECLINED","26"
"273","24","2011","VOTER_TURNOUT","VOTER_TURNOUT","43703"
"274","24","2011","ELECTORS","ELECTORS","87390"
"275","025","2011","BAGHEL","PROGRESSIVE CONSERVATIVE PARTY OF ONTARIO","100"
"276","025","2011","CEOLIN","FAMILY COALITION PARTY OF ONTARIO","391"
"277","025","2011","GILL","GREEN                          ","541"
"278","025","2011","MCCONNELL","FREEDOM                        ","320"
"279","025","2011","QAADRI","LIBERAL                        ","12081"
"280","025","2011","SHARMA","NEW DEMOCRATIC                 ","5426"
"281","025","2011","SINGH","NEW DEMOCRATIC                 ","6072"
"282","025","2011","REJECTED","REJECTED","113"
"283","025","2011","UNMARKED","UNMARKED","28"
"284","025","2011","DECLINED","DECLINED","10"
"285","025","2011","VOTER_TURNOUT","VOTER_TURNOUT","25082"
"286","025","2011","ELECTORS","ELECTORS","62472"
"287","026","2011","CRACK","LIBERAL                        ","17345"
"288","026","2011","GOSSELIN","PROGRESSIVE CONSERVATIVE       ","15973"
"289","026","2011","HOWARTH","GREEN                          ","770"
"290","026","2011","JEAN-LOUIS","NEW DEMOCRATIC                 ","5721"
"291","026","2011","LEDUC","FREEDOM                        ","164"
"292","026","2011","MILLER","GREEN                          ","199"
"293","026","2011","REJECTED","REJECTED","213"
"294","026","2011","UNMARKED","UNMARKED","47"
"295","026","2011","DECLINED","DECLINED","9"
"296","026","2011","VOTER_TURNOUT","VOTER_TURNOUT","40441"
"297","026","2011","ELECTORS","ELECTORS","84584"
"298","027","2011","BENDER","ONTARIO LIBERTARIAN PARTY","305"
"299","027","2011","DYCK","GREEN                          ","3234"
"300","027","2011","GARVIE","COMMUNIST                      ","139"
"301","027","2011","GORDON","NEW DEMOCRATIC                 ","11150"
"302","027","2011","ICHIM","INDEPENDENT","100"
"303","027","2011","SANDALS","LIBERAL                        ","19815"
"304","027","2011","SCHIRK","PROGRESSIVE CONSERVATIVE       ","11954"
"305","027","2011","REJECTED","REJECTED","115"
"306","027","2011","UNMARKED","UNMARKED","64"
"307","027","2011","DECLINED","DECLINED","27"
"308","027","2011","VOTER_TURNOUT","VOTER_TURNOUT","46903"
"309","027","2011","ELECTORS","ELECTORS","93308"
"310","028","2011","BARRETT","PROGRESSIVE CONSERVATIVE       ","25203"
"311","028","2011","BLAKE","GREEN                          ","868"
"312","028","2011","CRONE","LIBERAL                        ","7087"
"313","028","2011","GOTS","FAMILY COALITION PARTY OF ONTARIO","242"
"314","028","2011","NICHOLS","NEW DEMOCRATIC                 ","8048"
"315","028","2011","REJECTED","REJECTED","103"
"316","028","2011","UNMARKED","UNMARKED","39"
"317","028","2011","DECLINED","DECLINED","6"
"318","028","2011","VOTER_TURNOUT","VOTER_TURNOUT","41596"
"319","028","2011","ELECTORS","ELECTORS","78030"
"320","029","2011","ABEL","NEW DEMOCRATIC                 ","8517"
"321","029","2011","JOHNSON","LIBERAL                        ","16522"
"322","029","2011","OLITO","FREEDOM                        ","245"
"323","029","2011","PAYNE","GREEN                          ","1562"
"324","029","2011","SCOTT","PROGRESSIVE CONSERVATIVE       ","22352"
"325","029","2011","REJECTED","REJECTED","88"
"326","029","2011","UNMARKED","UNMARKED","54"
"327","029","2011","DECLINED","DECLINED","46"
"328","029","2011","VOTER_TURNOUT","VOTER_TURNOUT","49386"
"329","029","2011","ELECTORS","ELECTORS","89830"
"330","030","2011","BUCK","NO AFFILIATION","166"
"331","030","2011","CHUDLEIGH","PROGRESSIVE CONSERVATIVE       ","26228"
"332","030","2011","FRASER","GREEN                          ","1286"
"333","030","2011","NAIDOO-HARRIS","LIBERAL                        ","23080"
"334","030","2011","RODRIGUES","FAMILY COALITION PARTY OF ONTARIO","296"
"335","030","2011","SPOHR","NEW DEMOCRATIC                 ","7757"
"336","030","2011","VAN DEN BURG","VAN DEN BURG","168"
"337","030","2011","REJECTED","REJECTED","120"
"338","030","2011","UNMARKED","UNMARKED","42"
"339","030","2011","DECLINED","DECLINED","19"
"340","030","2011","VOTER_TURNOUT","VOTER_TURNOUT","59162"
"341","030","2011","ELECTORS","ELECTORS","128643"
"342","031","2011","BALDASARO","INDEPENDENT","268"
"343","031","2011","GRACEY","COMMUNIST                      ","122"
"344","031","2011","HORWATH","NEW DEMOCRATIC                 ","20586"
"345","031","2011","KUHLMANN","ONTARIO LIBERTARIAN PARTY","634"
"346","031","2011","LAWSON","FREEDOM                        ","130"
"347","031","2011","ORMOND","GREEN                          ","1249"
"348","031","2011","PASSMORE","FAMILY COALITION PARTY OF ONTARIO","229"
"349","031","2011","SHEPPARD","PROGRESSIVE CONSERVATIVE       ","4421"
"350","031","2011","SZAJKOWSKI","REFORM PARTY OF ONTARIO","67"
"351","031","2011","TIQUI-SHEBIB","LIBERAL                        ","5861"
"352","031","2011","REJECTED","REJECTED","102"
"353","031","2011","UNMARKED","UNMARKED","46"
"354","031","2011","DECLINED","DECLINED","29"
"355","031","2011","VOTER_TURNOUT","VOTER_TURNOUT","33744"
"356","031","2011","ELECTORS","ELECTORS","79524"
"357","032","2011","CRIPPS","LIBERAL                        ","10397"
"358","032","2011","DOUCETTE","FREEDOM                        ","133"
"359","032","2011","FIORENTINO","PROGRESSIVE CONSERVATIVE       ","7395"
"360","032","2011","INNES","FAMILY COALITION PARTY OF ONTARIO","173"
"361","032","2011","MILLER","GREEN                          ","20442"
"362","032","2011","PATTINSON","ONTARIO LIBERTARIAN PARTY","295"
"363","032","2011","RANDALL","GREEN                          ","692"
"364","032","2011","REJECTED","REJECTED","153"
"365","032","2011","UNMARKED","UNMARKED","49"
"366","032","2011","DECLINED","DECLINED","14"
"367","032","2011","VOTER_TURNOUT","VOTER_TURNOUT","39743"
"368","032","2011","ELECTORS","ELECTORS","85908"
"369","033","2011","AGGELONITIS","LIBERAL                        ","14694"
"370","033","2011","ELMS","PROGRESSIVE CONSERVATIVE       ","8641"
"371","033","2011","ENOS","FAMILY COALITION PARTY OF ONTARIO","450"
"372","033","2011","GOODWIN","FREEDOM                        ","126"
"373","033","2011","MORRIS","GREEN                          ","748"
"374","033","2011","TAYLOR","NEW DEMOCRATIC                 ","20492"
"375","033","2011","WIENHOLD","ONTARIO LIBERTARIAN PARTY","222"
"376","033","2011","REJECTED","REJECTED","144"
"377","033","2011","UNMARKED","UNMARKED","52"
"378","033","2011","DECLINED","DECLINED","12"
"379","033","2011","VOTER_TURNOUT","VOTER_TURNOUT","45581"
"380","033","2011","ELECTORS","ELECTORS","90355"
"381","034","2011","MAIN","GREEN                          ","772"
"382","034","2011","MITCHELL","LIBERAL                        ","14659"
"383","034","2011","ROBERTSON","NEW DEMOCRATIC                 ","9329"
"384","034","2011","SCHNURR","FAMILY COALITION PARTY OF ONTARIO","656"
"385","034","2011","THOMPSON","PARTY FOR HUMAN RIGHTS IN ONTARIO","19138"
"386","034","2011","VALENTA","INDEPENDENT","200"
"387","034","2011","REJECTED","REJECTED","108"
"388","034","2011","UNMARKED","UNMARKED","47"
"389","034","2011","DECLINED","DECLINED","17"
"390","034","2011","VOTER_TURNOUT","VOTER_TURNOUT","44926"
"391","034","2011","ELECTORS","ELECTORS","75853"
"392","035","2011","CAMPBELL","NEW DEMOCRATIC                 ","10949"
"393","035","2011","HOLIDAY","GREEN                          ","391"
"394","035","2011","LEEK","LIBERAL                        ","2202"
"395","035","2011","MCKAY","PROGRESSIVE CONSERVATIVE       ","8307"
"396","035","2011","ROMANIUK","NORTHERN ONTARIO HERITAGE      ","216"
"397","035","2011","REJECTED","REJECTED","44"
"398","035","2011","UNMARKED","UNMARKED","14"
"399","035","2011","DECLINED","DECLINED","7"
"400","035","2011","VOTER_TURNOUT","VOTER_TURNOUT","22130"
"401","035","2011","ELECTORS","ELECTORS","48369"
"402","036","2011","BEST","PEOPLE FIRST REPUBLIC PARTY OF ONTARIO","56"
"403","036","2011","BUSCH","FREEDOM                        ","71"
"404","036","2011","CARACCIOLO","FAMILY COALITION PARTY OF ONTARIO","336"
"405","036","2011","GERRETSEN","LIBERAL                        ","21028"
"406","036","2011","HOLLAND","NEW DEMOCRATIC                 ","10241"
"407","036","2011","JAMES","PROGRESSIVE CONSERVATIVE       ","9610"
"408","036","2011","KILEY","GREEN                          ","1594"
"409","036","2011","SHAW","ONTARIO LIBERTARIAN PARTY","115"
"410","036","2011","REJECTED","REJECTED","87"
"411","036","2011","UNMARKED","UNMARKED","33"
"412","036","2011","DECLINED","DECLINED","43"
"413","036","2011","VOTER_TURNOUT","VOTER_TURNOUT","43214"
"414","036","2011","ELECTORS","ELECTORS","95966"
"415","037","2011","ATSIZ","FREEDOM                        ","77"
"416","037","2011","BERNIER","ONTARIO LIBERTARIAN PARTY","240"
"417","037","2011","CORBIERE","INDEPENDENT","137"
"418","037","2011","DEARLOVE","NEW DEMOCRATIC                 ","7385"
"419","037","2011","MACDONALD","PROGRESSIVE CONSERVATIVE       ","15069"
"420","037","2011","MILLOY","LIBERAL                        ","15392"
"421","037","2011","VERCOUTEREN","GREEN                          ","938"
"422","037","2011","REJECTED","REJECTED","110"
"423","037","2011","UNMARKED","UNMARKED","40"
"424","037","2011","DECLINED","DECLINED","22"
"425","037","2011","VOTER_TURNOUT","VOTER_TURNOUT","39410"
"426","037","2011","ELECTORS","ELECTORS","80170"
"427","038","2011","CAIRNS","NEW DEMOCRATIC                 ","7165"
"428","038","2011","HARRIS","PROGRESSIVE CONSERVATIVE       ","18017"
"429","038","2011","PENDERGAST","LIBERAL                        ","14476"
"430","038","2011","ROSE","GREEN                          ","1121"
"431","038","2011","REJECTED","REJECTED","112"
"432","038","2011","UNMARKED","UNMARKED","107"
"433","038","2011","DECLINED","DECLINED","25"
"434","038","2011","VOTER_TURNOUT","VOTER_TURNOUT","41023"
"435","038","2011","ELECTORS","ELECTORS","87992"
"436","039","2011","CISTERNA","NEW DEMOCRATIC                 ","8250"
"437","039","2011","DAVIS","INDEPENDENT","17837"
"438","039","2011","DAVIS","INDEPENDENT","17837"
"439","039","2011","MCGUIRE","GREEN                          ","1308"
"440","039","2011","MOTZ","FREEDOM                        ","123"
"441","039","2011","WITMER","PROGRESSIVE CONSERVATIVE       ","21665"
"442","039","2011","REJECTED","REJECTED","93"
"443","039","2011","UNMARKED","UNMARKED","36"
"444","039","2011","DECLINED","DECLINED","39"
"445","039","2011","VOTER_TURNOUT","VOTER_TURNOUT","49667"
"446","039","2011","ELECTORS","ELECTORS","98268"
"447","040","2011","ARMSTRONG","GREEN                          ","987"
"448","040","2011","HARNESS","REFORM PARTY OF ONTARIO","232"
"449","040","2011","HILL","NEW DEMOCRATIC                 ","8882"
"450","040","2011","JACKSON","PROGRESSIVE CONSERVATIVE       ","119"
"451","040","2011","MCNAUGHTON","PROGRESSIVE CONSERVATIVE       ","19379"
"452","040","2011","VAN BOMMEL","VAN BOMMEL","12423"
"453","040","2011","VANDER VLOET","VANDER VLOET","350"
"454","040","2011","REJECTED","REJECTED","104"
"455","040","2011","UNMARKED","UNMARKED","42"
"456","040","2011","DECLINED","DECLINED","31"
"457","040","2011","VOTER_TURNOUT","VOTER_TURNOUT","42549"
"458","040","2011","ELECTORS","ELECTORS","78683"
"459","041","2011","HILLIER","PROGRESSIVE CONSERVATIVE       ","22457"
"460","041","2011","MACDONALD","PROGRESSIVE CONSERVATIVE       ","12490"
"461","041","2011","MATTE","GREEN                          ","1754"
"462","041","2011","PARKHILL","NEW DEMOCRATIC                 ","8104"
"463","041","2011","REJECTED","REJECTED","78"
"464","041","2011","UNMARKED","UNMARKED","50"
"465","041","2011","DECLINED","DECLINED","29"
"466","041","2011","VOTER_TURNOUT","VOTER_TURNOUT","44962"
"467","041","2011","ELECTORS","ELECTORS","89150"
"468","042","2011","CLARK","NEW DEMOCRATIC                 ","24314"
"469","042","2011","FULSOM","SOCIALIST PARTY OF ONTARIO","111"
"470","042","2011","HEFFERNAN","LIBERAL                        ","6663"
"471","042","2011","LUNDY","NEW DEMOCRATIC                 ","5822"
"472","042","2011","TAYLOR","NEW DEMOCRATIC                 ","1319"
"473","042","2011","REJECTED","REJECTED","94"
"474","042","2011","UNMARKED","UNMARKED","43"
"475","042","2011","DECLINED","DECLINED","18"
"476","042","2011","VOTER_TURNOUT","VOTER_TURNOUT","38384"
"477","042","2011","ELECTORS","ELECTORS","75797"
"478","043","2011","ARMSTRONG","GREEN                          ","13953"
"479","043","2011","DURNIN","FREEDOM                        ","155"
"480","043","2011","HAMADI","INDEPENDENT","192"
"481","043","2011","HARNICK","ONTARIO LIBERTARIAN PARTY","320"
"482","043","2011","LAZAR","GREEN                          ","852"
"483","043","2011","MILLER","GREEN                          ","9075"
"484","043","2011","RAMAL","LIBERAL                        ","9678"
"485","043","2011","REJECTED","REJECTED","133"
"486","043","2011","UNMARKED","UNMARKED","59"
"487","043","2011","DECLINED","DECLINED","26"
"488","043","2011","VOTER_TURNOUT","VOTER_TURNOUT","34443"
"489","043","2011","ELECTORS","ELECTORS","75165"
"490","044","2011","AMBROGIO","FREEDOM                        ","269"
"491","044","2011","BRANSCOMBE","PROGRESSIVE CONSERVATIVE       ","12628"
"492","044","2011","HOLMES","NEW DEMOCRATIC                 ","9914"
"493","044","2011","LABONTE","GREEN                          ","1451"
"494","044","2011","MATTHEWS","LIBERAL                        ","19167"
"495","044","2011","SPOTTISWOOD","PATRON                         ","54"
"496","044","2011","VANKLINKEN","ONTARIO LIBERTARIAN PARTY","169"
"497","044","2011","REJECTED","REJECTED","127"
"498","044","2011","UNMARKED","UNMARKED","58"
"499","044","2011","DECLINED","DECLINED","32"
"500","044","2011","VOTER_TURNOUT","VOTER_TURNOUT","43869"
"501","044","2011","ELECTORS","ELECTORS","91638"
"502","045","2011","BENTLEY","LIBERAL                        ","22610"
"503","045","2011","BROWN","LIBERAL                        ","1194"
"504","045","2011","BUCHANAN","NEW DEMOCRATIC                 ","10757"
"505","045","2011","CHAHBAR","PROGRESSIVE CONSERVATIVE       ","14603"
"506","045","2011","GUPTA","PEOPLE FIRST REPUBLIC PARTY OF ONTARIO","61"
"507","045","2011","HODGES","FREEDOM                        ","300"
"508","045","2011","REJECTED","REJECTED","114"
"509","045","2011","UNMARKED","UNMARKED","76"
"510","045","2011","DECLINED","DECLINED","34"
"511","045","2011","VOTER_TURNOUT","VOTER_TURNOUT","49749"
"512","045","2011","ELECTORS","ELECTORS","93852"
"513","046","2011","CHAN","LIBERAL                        ","19579"
"514","046","2011","CHOO","NEW DEMOCRATIC                 ","4575"
"515","046","2011","O'BRIEN","FAMILY COALITION PARTY OF ONTARIO","1104"
"516","046","2011","SMALL","ONTARIO LIBERTARIAN PARTY","259"
"517","046","2011","THAYAPARAN","PROGRESSIVE CONSERVATIVE       ","11720"
"518","046","2011","REJECTED","REJECTED","156"
"519","046","2011","UNMARKED","UNMARKED","114"
"520","046","2011","DECLINED","DECLINED","14"
"521","046","2011","VOTER_TURNOUT","VOTER_TURNOUT","37521"
"522","046","2011","ELECTORS","ELECTORS","92232"
"523","47","2011","FOSTER","GREEN                          ","1247"
"524","47","2011","GILL","GREEN                          ","10287"
"525","47","2011","KHAN","INDEPENDENT","400"
"526","47","2011","MANGAT","LIBERAL                        ","15579"
"527","47","2011","MILLOY","LIBERAL                        ","691"
"528","47","2011","PANDHER","NEW DEMOCRATIC                 ","5420"
"529","47","2011","WIDLA","INDEPENDENT","216"
"530","47","2011","REJECTED","REJECTED","140"
"531","47","2011","UNMARKED","UNMARKED","67"
"532","47","2011","DECLINED","DECLINED","35"
"533","47","2011","VOTER_TURNOUT","VOTER_TURNOUT","34082"
"534","47","2011","ELECTORS","ELECTORS","93563"
"535","048","2011","AHMED","NEW DEMOCRATIC                 ","5704"
"536","048","2011","CHURCHIN","PROGRESSIVE CONSERVATIVE       ","11297"
"537","048","2011","DAMERLA","LIBERAL                        ","15535"
"538","048","2011","DURY","FREEDOM                        ","177"
"539","048","2011","HARDING","INDEPENDENT","199"
"540","048","2011","JONES","PROGRESSIVE CONSERVATIVE       ","934"
"541","048","2011","SHAH","PROGRESSIVE CONSERVATIVE PARTY OF ONTARIO","117"
"542","048","2011","REJECTED","REJECTED","134"
"543","048","2011","UNMARKED","UNMARKED","46"
"544","048","2011","DECLINED","DECLINED","11"
"545","048","2011","VOTER_TURNOUT","VOTER_TURNOUT","34154"
"546","048","2011","ELECTORS","ELECTORS","84330"
"547","049","2011","BILEK","NEW DEMOCRATIC                 ","7768"
"548","049","2011","BROWN","LIBERAL                        ","16294"
"549","049","2011","CASANOVA","GREEN                          ","853"
"550","049","2011","JACKSON","PROGRESSIVE CONSERVATIVE       ","176"
"551","049","2011","TAKHAR","LIBERAL                        ","20552"
"552","049","2011","REJECTED","REJECTED","86"
"553","049","2011","UNMARKED","UNMARKED","45"
"554","049","2011","DECLINED","DECLINED","3"
"555","049","2011","VOTER_TURNOUT","VOTER_TURNOUT","45777"
"556","049","2011","ELECTORS","ELECTORS","104254"
"557","050","2011","FIGUEIRAS","VEGAN ENVIRONMENTAL PARTY","165"
"558","050","2011","HARRIS","PROGRESSIVE CONSERVATIVE       ","236"
"559","050","2011","JANOSCIK","PROGRESSIVE CONSERVATIVE       ","14499"
"560","050","2011","MOGK","GREEN                          ","860"
"561","050","2011","SIKKA","NEW DEMOCRATIC                 ","4044"
"562","050","2011","SOUSA","LIBERAL                        ","20375"
"563","050","2011","REJECTED","REJECTED","73"
"564","050","2011","UNMARKED","UNMARKED","75"
"565","050","2011","DECLINED","DECLINED","30"
"566","050","2011","VOTER_TURNOUT","VOTER_TURNOUT","40357"
"567","050","2011","ELECTORS","ELECTORS","78746"
"568","051","2011","AYAD","NEW DEMOCRATIC                 ","5494"
"569","051","2011","DELANEY","LIBERAL                        ","18591"
"570","051","2011","SUNBATY","PROGRESSIVE CONSERVATIVE       ","10655"
"571","051","2011","WARNER","GREEN                          ","1329"
"572","051","2011","REJECTED","REJECTED","80"
"573","051","2011","UNMARKED","UNMARKED","34"
"574","051","2011","DECLINED","DECLINED","11"
"575","051","2011","VOTER_TURNOUT","VOTER_TURNOUT","36194"
"576","051","2011","ELECTORS","ELECTORS","87297"
"577","52","2011","DAGENAIS","NEW DEMOCRATIC                 ","8127"
"578","52","2011","DRANSFIELD","LIBERAL                        ","14844"
"579","52","2011","KUBANEK","GREEN                          ","1641"
"580","52","2011","MACLEOD","PROGRESSIVE CONSERVATIVE       ","29985"
"581","52","2011","ROSSI","PROGRESSIVE CONSERVATIVE       ","217"
"582","52","2011","TOUTANT","ONTARIO LIBERTARIAN PARTY","223"
"583","52","2011","REJECTED","REJECTED","135"
"584","52","2011","UNMARKED","UNMARKED","38"
"585","52","2011","DECLINED","DECLINED","20"
"586","52","2011","VOTER_TURNOUT","VOTER_TURNOUT","55230"
"587","52","2011","ELECTORS","ELECTORS","110662"
"588","053","2011","BISANZ","LIBERAL                        ","16154"
"589","053","2011","KLEES","PROGRESSIVE CONSERVATIVE       ","21425"
"590","053","2011","KUYSTEN","GREEN                          ","1256"
"591","053","2011","WARDLAW","NEW DEMOCRATIC                 ","6514"
"592","053","2011","REJECTED","REJECTED","91"
"593","053","2011","UNMARKED","UNMARKED","36"
"594","053","2011","DECLINED","DECLINED","24"
"595","053","2011","VOTER_TURNOUT","VOTER_TURNOUT","45500"
"596","053","2011","ELECTORS","ELECTORS","92231"
"597","054","2011","CRAITOR","LIBERAL                        ","16794"
"598","054","2011","HYDE","ONTARIO LIBERTARIAN PARTY","217"
"599","054","2011","JANKOVIC","FAMILY COALITION PARTY OF ONTARIO","191"
"600","054","2011","LEPP","PROGRESSIVE CONSERVATIVE       ","16296"
"601","054","2011","REDEKOP","NEW DEMOCRATIC                 ","12304"
"602","054","2011","SMITH","COMMUNIST                      ","759"
"603","054","2011","TOSSOUNIAN","INDEPENDENT","119"
"604","054","2011","TREDWELL","NO AFFILIATION","112"
"605","054","2011","REJECTED","REJECTED","239"
"606","054","2011","UNMARKED","UNMARKED","61"
"607","054","2011","DECLINED","DECLINED","8"
"608","054","2011","VOTER_TURNOUT","VOTER_TURNOUT","47100"
"609","054","2011","ELECTORS","ELECTORS","95266"
"610","055","2011","AUGUSTINE","REFORM PARTY OF ONTARIO","130"
"611","055","2011","CROSS","GREEN                          ","1372"
"612","055","2011","HUDAK","PROGRESSIVE CONSERVATIVE       ","24919"
"613","055","2011","LEES","FAMILY COALITION PARTY OF ONTARIO","303"
"614","055","2011","MARCO","NEW DEMOCRATIC                 ","9070"
"615","055","2011","PEACOCK","FREEDOM                        ","80"
"616","055","2011","POOS","PATRON                         ","158"
"617","055","2011","TROMBETTA","LIBERAL                        ","12708"
"618","055","2011","WIENHOLD","ONTARIO LIBERTARIAN PARTY","166"
"619","055","2011","REJECTED","REJECTED","123"
"620","055","2011","UNMARKED","UNMARKED","44"
"621","055","2011","DECLINED","DECLINED","38"
"622","055","2011","VOTER_TURNOUT","VOTER_TURNOUT","49111"
"623","055","2011","ELECTORS","ELECTORS","89489"
"624","056","2011","GÉLINAS","GÉLINAS","16876"
"625","056","2011","PERONI","PROGRESSIVE CONSERVATIVE       ","5625"
"626","056","2011","RUSSELL","NEW DEMOCRATIC                 ","810"
"627","056","2011","RYMA","LIBERAL                        ","7451"
"628","056","2011","REJECTED","REJECTED","64"
"629","056","2011","UNMARKED","UNMARKED","21"
"630","056","2011","DECLINED","DECLINED","11"
"631","056","2011","VOTER_TURNOUT","VOTER_TURNOUT","30858"
"632","056","2011","ELECTORS","ELECTORS","62276"
"633","057","2011","FEDELI","PROGRESSIVE CONSERVATIVE       ","15381"
"634","057","2011","GIROUX","NEW DEMOCRATIC                 ","5567"
"635","057","2011","HAIG","GREEN                          ","971"
"636","057","2011","WHITING","LIBERAL                        ","8775"
"637","057","2011","REJECTED","REJECTED","98"
"638","057","2011","UNMARKED","UNMARKED","42"
"639","057","2011","DECLINED","DECLINED","12"
"640","057","2011","VOTER_TURNOUT","VOTER_TURNOUT","30846"
"641","057","2011","ELECTORS","ELECTORS","59481"
"642","058","2011","MCLARTY","ONTARIO LIBERTARIAN PARTY","357"
"643","058","2011","MEES","NEW DEMOCRATIC                 ","8589"
"644","058","2011","MILLIGAN","PROGRESSIVE CONSERVATIVE       ","19279"
"645","058","2011","RIEGER","INDEPENDENT","159"
"646","058","2011","RINALDI","LIBERAL                        ","18572"
"647","058","2011","SMITH TORRIE","SMITH TORRIE","1483"
"648","058","2011","REJECTED","REJECTED","102"
"649","058","2011","UNMARKED","UNMARKED","61"
"650","058","2011","DECLINED","DECLINED","19"
"651","058","2011","VOTER_TURNOUT","VOTER_TURNOUT","48621"
"652","058","2011","ELECTORS","ELECTORS","93720"
"653","059","2011","BOELLING","ONTARIO LIBERTARIAN PARTY","1057"
"654","059","2011","HAITAS","GREEN                          ","1569"
"655","059","2011","JACZEK","LIBERAL                        ","28878"
"656","059","2011","LU","INDEPENDENT","484"
"657","059","2011","WASSEF","PROGRESSIVE CONSERVATIVE       ","23950"
"658","059","2011","WHITFELD","NEW DEMOCRATIC                 ","8548"
"659","059","2011","REJECTED","REJECTED","216"
"660","059","2011","UNMARKED","UNMARKED","137"
"661","059","2011","DECLINED","DECLINED","42"
"662","059","2011","VOTER_TURNOUT","VOTER_TURNOUT","64881"
"663","059","2011","ELECTORS","ELECTORS","151959"
"664","060","2011","BANZUELA","FAMILY COALITION PARTY OF ONTARIO","188"
"665","060","2011","CHLOBOWSKI","GREEN                          ","878"
"666","060","2011","FLYNN","LIBERAL                        ","21711"
"667","060","2011","HARRIS","PROGRESSIVE CONSERVATIVE       ","498"
"668","060","2011","HUNTER","FREEDOM                        ","115"
"669","060","2011","SCOTT","PROGRESSIVE CONSERVATIVE       ","17131"
"670","060","2011","SPRAGUE","NEW DEMOCRATIC                 ","4625"
"671","060","2011","REJECTED","REJECTED","104"
"672","060","2011","UNMARKED","UNMARKED","33"
"673","060","2011","DECLINED","DECLINED","25"
"674","060","2011","VOTER_TURNOUT","VOTER_TURNOUT","45308"
"675","060","2011","ELECTORS","ELECTORS","85971"
"676","061","2011","BELANGER","ONTARIO LIBERTARIAN PARTY","435"
"677","061","2011","FUDGE","FREEDOM                        ","147"
"678","061","2011","LEADBETTER","GREEN                          ","1035"
"679","061","2011","MENEZES","LIBERAL                        ","6921"
"680","061","2011","OUELLETTE","PROGRESSIVE CONSERVATIVE       ","16719"
"681","061","2011","SHIELDS","NEW DEMOCRATIC                 ","14316"
"682","061","2011","REJECTED","REJECTED","106"
"683","061","2011","UNMARKED","UNMARKED","40"
"684","061","2011","DECLINED","DECLINED","16"
"685","061","2011","VOTER_TURNOUT","VOTER_TURNOUT","39735"
"686","061","2011","ELECTORS","ELECTORS","89767"
"687","062","2011","CHAPMAN","PROGRESSIVE CONSERVATIVE       ","309"
"688","062","2011","DEKKER","PROGRESSIVE CONSERVATIVE       ","9257"
"689","062","2011","NAIDOO","NEW DEMOCRATIC                 ","14715"
"690","062","2011","NAQVI","LIBERAL                        ","23646"
"691","062","2011","O'DONNELL","GREEN                          ","2184"
"692","062","2011","RYAN","COMMUNIST                      ","160"
"693","062","2011","ZEITHAMMEL","ONTARIO LIBERTARIAN PARTY","240"
"694","062","2011","REJECTED","REJECTED","138"
"695","062","2011","UNMARKED","UNMARKED","44"
"696","062","2011","DECLINED","DECLINED","108"
"697","062","2011","VOTER_TURNOUT","VOTER_TURNOUT","50801"
"698","062","2011","ELECTORS","ELECTORS","94553"
"699","063","2011","GUTMANIS","GREEN                          ","886"
"700","063","2011","LISTER","PROGRESSIVE CONSERVATIVE       ","19003"
"701","063","2011","MCGRUER","FREEDOM                        ","183"
"702","063","2011","MCKERCHER","NEW DEMOCRATIC                 ","4979"
"703","063","2011","MCNEELY","LIBERAL                        ","21857"
"704","063","2011","PAUL","ONTARIO LIBERTARIAN PARTY","154"
"705","063","2011","REJECTED","REJECTED","131"
"706","063","2011","UNMARKED","UNMARKED","37"
"707","063","2011","DECLINED","DECLINED","11"
"708","063","2011","VOTER_TURNOUT","VOTER_TURNOUT","47241"
"709","063","2011","ELECTORS","ELECTORS","89726"
"710","064","2011","BRISSON","ONTARIO LIBERTARIAN PARTY","252"
"711","064","2011","FARAH","NEW DEMOCRATIC                 ","5988"
"712","064","2011","MACDONALD","PROGRESSIVE CONSERVATIVE       ","14945"
"713","064","2011","MCGUINTY","LIBERAL                        ","21842"
"714","064","2011","MIHAYCHUK","GREEN                          ","1442"
"715","064","2011","REDINS","PARTY FOR PEOPLE WITH SPECIAL NEEDS","238"
"716","064","2011","REJECTED","REJECTED","159"
"717","064","2011","UNMARKED","UNMARKED","45"
"718","064","2011","DECLINED","DECLINED","18"
"719","064","2011","VOTER_TURNOUT","VOTER_TURNOUT","44929"
"720","064","2011","ELECTORS","ELECTORS","87766"
"721","065","2011","BAGLER","GREEN                          ","1719"
"722","065","2011","HOULE","FAMILY COALITION PARTY OF ONTARIO","352"
"723","065","2011","LALIBERTÉ-TIPPLE","LALIBERTÉ-TIPPLE","7466"
"724","065","2011","MEILLEUR","LIBERAL                        ","19619"
"725","065","2011","SHERMAN","PROGRESSIVE CONSERVATIVE       ","8929"
"726","065","2011","REJECTED","REJECTED","107"
"727","065","2011","UNMARKED","UNMARKED","40"
"728","065","2011","DECLINED","DECLINED","14"
"729","065","2011","VOTER_TURNOUT","VOTER_TURNOUT","38246"
"730","065","2011","ELECTORS","ELECTORS","81712"
"731","66","2011","BYRNE","NEW DEMOCRATIC                 ","6576"
"732","66","2011","CHIARELLI","LIBERAL                        ","18492"
"733","66","2011","DENLEY","PROGRESSIVE CONSERVATIVE       ","17483"
"734","66","2011","HILL","NEW DEMOCRATIC                 ","1485"
"735","66","2011","PACHECO","FAMILY COALITION PARTY OF ONTARIO","396"
"736","66","2011","REJECTED","REJECTED","119"
"737","66","2011","UNMARKED","UNMARKED","41"
"738","66","2011","DECLINED","DECLINED","14"
"739","66","2011","VOTER_TURNOUT","VOTER_TURNOUT","44606"
"740","66","2011","ELECTORS","ELECTORS","82187"
"741","067","2011","EISEN","NEW DEMOCRATIC                 ","5885"
"742","067","2011","HARDEMAN","PROGRESSIVE CONSERVATIVE       ","20658"
"743","067","2011","HILDERLEY","LIBERAL                        ","9410"
"744","067","2011","STEWART-MOTT","GREEN                          ","1336"
"745","067","2011","VANDERHOEVEN","FAMILY COALITION PARTY OF ONTARIO","359"
"746","067","2011","REJECTED","REJECTED","83"
"747","067","2011","UNMARKED","UNMARKED","20"
"748","067","2011","DECLINED","DECLINED","20"
"749","067","2011","VOTER_TURNOUT","VOTER_TURNOUT","37771"
"750","067","2011","ELECTORS","ELECTORS","76804"
"751","068","2011","BABULA","NO AFFILIATION","84"
"752","068","2011","DINOVO","NEW DEMOCRATIC                 ","18365"
"753","068","2011","GANETAKOS","PROGRESSIVE CONSERVATIVE       ","4668"
"754","068","2011","LUU","INDEPENDENT","78"
"755","068","2011","PASTERNAK","LIBERAL                        ","14877"
"756","068","2011","RADEJEWSKY","NO AFFILIATION","88"
"757","068","2011","ROJAS","ONTARIO LIBERTARIAN PARTY","172"
"758","068","2011","TAR","INDEPENDENT","39"
"759","068","2011","TROTTIER","GREEN                          ","1325"
"760","068","2011","ZAUGG","PATRON                         ","56"
"761","068","2011","REJECTED","REJECTED","126"
"762","068","2011","UNMARKED","UNMARKED","56"
"763","068","2011","DECLINED","DECLINED","25"
"764","068","2011","VOTER_TURNOUT","VOTER_TURNOUT","39959"
"765","068","2011","ELECTORS","ELECTORS","77163"
"766","069","2011","MILLER","GREEN                          ","19417"
"767","069","2011","RICHTER","GREEN                          ","3251"
"768","069","2011","STIVRINS","FREEDOM                        ","167"
"769","069","2011","WATERS","LIBERAL                        ","6537"
"770","069","2011","ZYGANIUK","NEW DEMOCRATIC                 ","6527"
"771","069","2011","REJECTED","REJECTED","52"
"772","069","2011","UNMARKED","UNMARKED","25"
"773","069","2011","DECLINED","DECLINED","94"
"774","069","2011","VOTER_TURNOUT","VOTER_TURNOUT","36070"
"775","069","2011","ELECTORS","ELECTORS","69651"
"776","070","2011","DESJARDINS","GREEN                          ","918"
"777","070","2011","DEVRIES","FAMILY COALITION PARTY OF ONTARIO","627"
"778","070","2011","PAPENBURG","NEW DEMOCRATIC                 ","5836"
"779","070","2011","PETTAPIECE","PROGRESSIVE CONSERVATIVE       ","14845"
"780","070","2011","SMINK","FREEDOM                        ","164"
"781","070","2011","WILKINSON","LIBERAL                        ","14635"
"782","070","2011","REJECTED","REJECTED","84"
"783","070","2011","UNMARKED","UNMARKED","38"
"784","070","2011","DECLINED","DECLINED","22"
"785","070","2011","VOTER_TURNOUT","VOTER_TURNOUT","37169"
"786","070","2011","ELECTORS","ELECTORS","71629"
"787","071","2011","BEAMISH","GREEN                          ","1235"
"788","071","2011","LEAL","LIBERAL                        ","19430"
"789","071","2011","LONG","FREEDOM                        ","127"
"790","071","2011","NICKLE","NEW DEMOCRATIC                 ","12460"
"791","071","2011","RANNEY","SOCIALIST PARTY OF ONTARIO","83"
"792","071","2011","WILSON","PROGRESSIVE CONSERVATIVE       ","15323"
"793","071","2011","REJECTED","REJECTED","121"
"794","071","2011","UNMARKED","UNMARKED","50"
"795","071","2011","DECLINED","DECLINED","48"
"796","071","2011","VOTER_TURNOUT","VOTER_TURNOUT","48877"
"797","071","2011","ELECTORS","ELECTORS","91908"
"798","072","2011","CARIÑO","CARIÑO","6424"
"799","072","2011","GAUDET","PROGRESSIVE CONSERVATIVE       ","13033"
"800","072","2011","MACCHARLES","LIBERAL                        ","18201"
"801","072","2011","SMITH","COMMUNIST                      ","1096"
"802","072","2011","THOMAS","ONTARIO LIBERTARIAN PARTY","252"
"803","072","2011","REJECTED","REJECTED","118"
"804","072","2011","UNMARKED","UNMARKED","31"
"805","072","2011","DECLINED","DECLINED","17"
"806","072","2011","VOTER_TURNOUT","VOTER_TURNOUT","39172"
"807","072","2011","ELECTORS","ELECTORS","78835"
"808","073","2011","DOMBROWSKY","LIBERAL                        ","15686"
"809","073","2011","FORD","FAMILY COALITION PARTY OF ONTARIO","257"
"810","073","2011","HAYES","NEW DEMOCRATIC                 ","7379"
"811","073","2011","HULL","GREEN                          ","2049"
"812","073","2011","SKINNER","ONTARIO LIBERTARIAN PARTY","201"
"813","073","2011","SMITH","COMMUNIST                      ","18816"
"814","073","2011","TUCK","PEOPLE FIRST REPUBLIC PARTY OF ONTARIO","115"
"815","073","2011","REJECTED","REJECTED","85"
"816","073","2011","UNMARKED","UNMARKED","34"
"817","073","2011","DECLINED","DECLINED","33"
"818","073","2011","VOTER_TURNOUT","VOTER_TURNOUT","44655"
"819","073","2011","ELECTORS","ELECTORS","86304"
"820","74","2011","DOUGHERTY","NEW DEMOCRATIC                 ","4277"
"821","74","2011","JONES","PROGRESSIVE CONSERVATIVE       ","574"
"822","74","2011","O'LEARY","LIBERAL                        ","6231"
"823","74","2011","REID","ONTARIO PROVINCIAL CONFEDERATION OF REGIONS PARTY","309"
"824","74","2011","YAKABUSKI","PROGRESSIVE CONSERVATIVE       ","27594"
"825","74","2011","REJECTED","REJECTED","75"
"826","74","2011","UNMARKED","UNMARKED","23"
"827","74","2011","DECLINED","DECLINED","9"
"828","74","2011","VOTER_TURNOUT","VOTER_TURNOUT","39092"
"829","74","2011","ELECTORS","ELECTORS","74191"
"830","075","2011","CHAMBERLAIN","GREEN                          ","1268"
"831","075","2011","DEMJEN","ONTARIO LIBERTARIAN PARTY","394"
"832","075","2011","DEVITA","NEW DEMOCRATIC                 ","4987"
"833","075","2011","GUPTA","PEOPLE FIRST REPUBLIC PARTY OF ONTARIO","13763"
"834","075","2011","MORIDI","LIBERAL                        ","18042"
"835","075","2011","REJECTED","REJECTED","121"
"836","075","2011","UNMARKED","UNMARKED","81"
"837","075","2011","DECLINED","DECLINED","14"
"838","075","2011","VOTER_TURNOUT","VOTER_TURNOUT","38670"
"839","075","2011","ELECTORS","ELECTORS","91010"
"840","076","2011","BELLOWS","PROGRESSIVE CONSERVATIVE       ","15461"
"841","076","2011","BRADLEY","LIBERAL                        ","17166"
"842","076","2011","CLARKE","FAMILY COALITION PARTY OF ONTARIO","191"
"843","076","2011","LOWELL","NEW DEMOCRATIC                 ","8624"
"844","076","2011","MOORADIAN","GREEN                          ","1066"
"845","076","2011","RADICK","CHRISTIAN CREDIT               ","62"
"846","076","2011","UNRAU","FREEDOM                        ","57"
"847","076","2011","WAZIRUDDIN","COMMUNIST                      ","68"
"848","076","2011","REJECTED","REJECTED","126"
"849","076","2011","UNMARKED","UNMARKED","42"
"850","076","2011","DECLINED","DECLINED","20"
"851","076","2011","VOTER_TURNOUT","VOTER_TURNOUT","42883"
"852","076","2011","ELECTORS","ELECTORS","84078"
"853","077","2011","HOSKINS","LIBERAL                        ","25048"
"854","077","2011","HYNES","NEW DEMOCRATIC                 ","7124"
"855","077","2011","KITTREDGE","ONTARIO LIBERTARIAN PARTY","335"
"856","077","2011","MCGIRR","PROGRESSIVE CONSERVATIVE       ","8972"
"857","077","2011","PINTO","SOCIALIST PARTY OF ONTARIO","83"
"858","077","2011","RITA","FREEDOM                        ","86"
"859","077","2011","VALLANCE","NORTHERN ONTARIO HERITAGE      ","69"
"860","077","2011","VAN VELDHUYSEN","VAN VELDHUYSEN","1180"
"861","077","2011","REJECTED","REJECTED","110"
"862","077","2011","UNMARKED","UNMARKED","49"
"863","077","2011","DECLINED","DECLINED","18"
"864","077","2011","VOTER_TURNOUT","VOTER_TURNOUT","43074"
"865","077","2011","ELECTORS","ELECTORS","85451"
"866","078","2011","BAILEY","PROGRESSIVE CONSERVATIVE       ","19570"
"867","078","2011","BARRY","LIBERAL                        ","8819"
"868","078","2011","BRUZIEWICZ","INDEPENDENT","1077"
"869","078","2011","FALBY","ONTARIO LIBERTARIAN PARTY","160"
"870","078","2011","VERMETTE","GREEN                          ","567"
"871","078","2011","WHITE","NEW DEMOCRATIC                 ","10307"
"872","078","2011","REJECTED","REJECTED","120"
"873","078","2011","UNMARKED","UNMARKED","56"
"874","078","2011","DECLINED","DECLINED","23"
"875","078","2011","VOTER_TURNOUT","VOTER_TURNOUT","40699"
"876","078","2011","ELECTORS","ELECTORS","78646"
"877","079","2011","HUNT","FAMILY COALITION PARTY OF ONTARIO","172"
"878","079","2011","MACMICHAEL","GREEN                          ","519"
"879","079","2011","ORAZIETTI","LIBERAL                        ","16109"
"880","079","2011","ROSS","THE ONLY PARTY","9037"
"881","079","2011","TURNER","PROGRESSIVE CONSERVATIVE       ","3477"
"882","079","2011","REJECTED","REJECTED","94"
"883","079","2011","UNMARKED","UNMARKED","39"
"884","079","2011","DECLINED","DECLINED","14"
"885","079","2011","VOTER_TURNOUT","VOTER_TURNOUT","29461"
"886","079","2011","ELECTORS","ELECTORS","59698"
"887","080","2011","AHUJA","PROGRESSIVE CONSERVATIVE PARTY OF ONTARIO","209"
"888","080","2011","CHEN","PROGRESSIVE CONSERVATIVE       ","10222"
"889","080","2011","CHOI","NEW DEMOCRATIC                 ","5017"
"890","080","2011","MCLARTY","ONTARIO LIBERTARIAN PARTY","656"
"891","080","2011","THOMPSON","PARTY FOR HUMAN RIGHTS IN ONTARIO","722"
"892","080","2011","WALL","FREEDOM                        ","83"
"893","080","2011","WONG","LIBERAL                        ","14907"
"894","080","2011","REJECTED","REJECTED","160"
"895","080","2011","UNMARKED","UNMARKED","76"
"896","080","2011","DECLINED","DECLINED","10"
"897","080","2011","VOTER_TURNOUT","VOTER_TURNOUT","32062"
"898","080","2011","ELECTORS","ELECTORS","73583"
"899","081","2011","DRIVER","FREEDOM                        ","301"
"900","081","2011","DUGUID","LIBERAL                        ","16142"
"901","081","2011","MATHURIN","NEW DEMOCRATIC                 ","6876"
"902","081","2011","MOLE","GREEN                          ","558"
"903","081","2011","WILLIAMS","PROGRESSIVE CONSERVATIVE       ","7511"
"904","081","2011","REJECTED","REJECTED","117"
"905","081","2011","UNMARKED","UNMARKED","53"
"906","081","2011","DECLINED","DECLINED","10"
"907","081","2011","VOTER_TURNOUT","VOTER_TURNOUT","31568"
"908","081","2011","ELECTORS","ELECTORS","70958"
"909","082","2011","APELBAUM","ONTARIO LIBERTARIAN PARTY","407"
"910","082","2011","BEST","PEOPLE FIRST REPUBLIC PARTY OF ONTARIO","15607"
"911","082","2011","ELLIS","PROGRESSIVE CONSERVATIVE       ","9137"
"912","082","2011","OLIVER","FREEDOM                        ","136"
"913","082","2011","POCHKHANAWALA","GREEN                          ","413"
"914","082","2011","URBAN","NEW DEMOCRATIC                 ","6194"
"915","082","2011","REJECTED","REJECTED","158"
"916","082","2011","UNMARKED","UNMARKED","49"
"917","082","2011","DECLINED","DECLINED","16"
"918","082","2011","VOTER_TURNOUT","VOTER_TURNOUT","32117"
"919","082","2011","ELECTORS","ELECTORS","67408"
"920","083","2011","BALKISSOON","LIBERAL                        ","15237"
"921","083","2011","KIM","PROGRESSIVE CONSERVATIVE       ","6837"
"922","083","2011","LIAO","ONTARIO LIBERTARIAN PARTY","457"
"923","083","2011","ROSCH","FAMILY COALITION PARTY OF ONTARIO","166"
"924","083","2011","SHAN","NEW DEMOCRATIC                 ","13088"
"925","083","2011","SINGH","NEW DEMOCRATIC                 ","455"
"926","083","2011","WALKER","PROGRESSIVE CONSERVATIVE       ","150"
"927","083","2011","REJECTED","REJECTED","130"
"928","083","2011","UNMARKED","UNMARKED","80"
"929","083","2011","DECLINED","DECLINED","5"
"930","083","2011","VOTER_TURNOUT","VOTER_TURNOUT","36605"
"931","083","2011","ELECTORS","ELECTORS","85338"
"932","084","2011","BERARDINETTI","LIBERAL                        ","14585"
"933","084","2011","BLANCO-RUIBAL","FREEDOM                        ","250"
"934","084","2011","BUDD","NEW DEMOCRATIC                 ","10404"
"935","084","2011","CHOPOWICK","PROGRESSIVE CONSERVATIVE       ","7061"
"936","084","2011","MCKIM","GREEN                          ","777"
"937","084","2011","REJECTED","REJECTED","102"
"938","084","2011","UNMARKED","UNMARKED","43"
"939","084","2011","DECLINED","DECLINED","10"
"940","084","2011","VOTER_TURNOUT","VOTER_TURNOUT","33232"
"941","084","2011","ELECTORS","ELECTORS","69553"
"942","085","2011","KENWELL","LIBERAL                        ","10404"
"943","085","2011","MATTHEWS","LIBERAL                        ","6839"
"944","085","2011","SCHREINER","GREEN                          ","4057"
"945","085","2011","WILSON","PROGRESSIVE CONSERVATIVE       ","25339"
"946","085","2011","REJECTED","REJECTED","109"
"947","085","2011","UNMARKED","UNMARKED","43"
"948","085","2011","DECLINED","DECLINED","14"
"949","085","2011","VOTER_TURNOUT","VOTER_TURNOUT","46805"
"950","085","2011","ELECTORS","ELECTORS","97272"
"951","086","2011","DUNLOP","PROGRESSIVE CONSERVATIVE       ","25081"
"952","086","2011","LARSEN","LIBERAL                        ","10191"
"953","086","2011","MIDDLETON","NEW DEMOCRATIC                 ","7710"
"954","086","2011","STUBBINS","GREEN                          ","2488"
"955","086","2011","REJECTED","REJECTED","92"
"956","086","2011","UNMARKED","UNMARKED","28"
"957","086","2011","DECLINED","DECLINED","22"
"958","086","2011","VOTER_TURNOUT","VOTER_TURNOUT","45612"
"959","086","2011","ELECTORS","ELECTORS","89474"
"960","087","2011","DONNELLY","ONTARIO LIBERTARIAN PARTY","396"
"961","087","2011","MACDONALD","PROGRESSIVE CONSERVATIVE       ","8021"
"962","087","2011","MACDONALD","PROGRESSIVE CONSERVATIVE       ","8021"
"963","087","2011","MCDONELL","PROGRESSIVE CONSERVATIVE       ","21463"
"964","087","2011","REIST","GREEN                          ","551"
"965","087","2011","REJECTED","REJECTED","146"
"966","087","2011","UNMARKED","UNMARKED","41"
"967","087","2011","DECLINED","DECLINED","18"
"968","087","2011","VOTER_TURNOUT","VOTER_TURNOUT","39049"
"969","087","2011","ELECTORS","ELECTORS","75975"
"970","088","2011","BARTOLUCCI","LIBERAL                        ","13735"
"971","088","2011","LABELLE","PROGRESSIVE CONSERVATIVE       ","4400"
"972","088","2011","LOEWENBERG","NEW DEMOCRATIC                 ","13204"
"973","088","2011","MURPHY MARKETOS","MURPHY MARKETOS","164"
"974","088","2011","POPESCU","INDEPENDENT","44"
"975","088","2011","ROGERSON","GREEN                          ","870"
"976","088","2011","REJECTED","REJECTED","73"
"977","088","2011","UNMARKED","UNMARKED","26"
"978","088","2011","DECLINED","DECLINED","13"
"979","088","2011","VOTER_TURNOUT","VOTER_TURNOUT","32529"
"980","088","2011","ELECTORS","ELECTORS","65130"
"981","089","2011","BALFOUR","ONTARIO LIBERTARIAN PARTY","623"
"982","089","2011","DUNCAN","GREEN                          ","756"
"983","089","2011","FARBER","LIBERAL                        ","18373"
"984","089","2011","GORMAN","FREEDOM                        ","149"
"985","089","2011","HACKELBERG","NEW DEMOCRATIC                 ","4024"
"986","089","2011","SHURMAN","PROGRESSIVE CONSERVATIVE       ","20971"
"987","089","2011","REJECTED","REJECTED","160"
"988","089","2011","UNMARKED","UNMARKED","63"
"989","089","2011","DECLINED","DECLINED","16"
"990","089","2011","VOTER_TURNOUT","VOTER_TURNOUT","45135"
"991","089","2011","ELECTORS","ELECTORS","99517"
"992","090","2011","GILBERT","PROGRESSIVE CONSERVATIVE       ","5815"
"993","090","2011","KOZORYS","NEW DEMOCRATIC                 ","9881"
"994","090","2011","MAURO","LIBERAL                        ","10319"
"995","090","2011","MCMENEMY","INDEPENDENT","86"
"996","090","2011","MILNES","GREEN                          ","379"
"997","090","2011","REJECTED","REJECTED","59"
"998","090","2011","UNMARKED","UNMARKED","31"
"999","090","2011","DECLINED","DECLINED","8"
"1000","090","2011","VOTER_TURNOUT","VOTER_TURNOUT","26578"
"1001","090","2011","ELECTORS","ELECTORS","57027"
"1002","091","2011","GALLO","ONTARIO LIBERTARIAN PARTY","133"
"1003","091","2011","GRAVELLE","LIBERAL                        ","11765"
"1004","091","2011","KYLE","GREEN                          ","555"
"1005","091","2011","LEBLANC","PROGRESSIVE CONSERVATIVE       ","4578"
"1006","091","2011","MANTIS","NEW DEMOCRATIC                 ","9111"
"1007","091","2011","REJECTED","REJECTED","69"
"1008","091","2011","UNMARKED","UNMARKED","24"
"1009","091","2011","DECLINED","DECLINED","4"
"1010","091","2011","VOTER_TURNOUT","VOTER_TURNOUT","26239"
"1011","091","2011","ELECTORS","ELECTORS","54443"
"1012","92","2011","AULBROOK","PROGRESSIVE CONSERVATIVE       ","5337"
"1013","92","2011","BONIN","LIBERAL                        ","6532"
"1014","92","2011","COURVILLE","NORTHERN ONTARIO HERITAGE      ","391"
"1015","92","2011","DANESE","GREEN                          ","312"
"1016","92","2011","VANTHOF","NEW DEMOCRATIC                 ","12633"
"1017","92","2011","REJECTED","REJECTED","64"
"1018","92","2011","UNMARKED","UNMARKED","24"
"1019","92","2011","DECLINED","DECLINED","3"
"1020","92","2011","VOTER_TURNOUT","VOTER_TURNOUT","25296"
"1021","92","2011","ELECTORS","ELECTORS","50554"
"1022","093","2011","BISSON","NEW DEMOCRATIC                 ","11479"
"1023","093","2011","NERON","FREEDOM                        ","108"
"1024","093","2011","PLANT","GREEN                          ","233"
"1025","093","2011","RICKARD","LIBERAL                        ","2870"
"1026","093","2011","SPACEK","PROGRESSIVE CONSERVATIVE       ","8515"
"1027","093","2011","REJECTED","REJECTED","61"
"1028","093","2011","UNMARKED","UNMARKED","20"
"1029","093","2011","DECLINED","DECLINED","2"
"1030","093","2011","VOTER_TURNOUT","VOTER_TURNOUT","23288"
"1031","093","2011","ELECTORS","ELECTORS","49723"
"1032","094","2011","ABELL","PROGRESSIVE CONSERVATIVE       ","7186"
"1033","094","2011","CROWE","NEW DEMOCRATIC                 ","11571"
"1034","094","2011","DAYE","GREEN                          ","1123"
"1035","094","2011","FALARDEAU","ONTARIO LIBERTARIAN PARTY","441"
"1036","094","2011","GOODWIN","FREEDOM                        ","92"
"1037","094","2011","HOLLIDAY","COMMUNIST                      ","146"
"1038","094","2011","MURRAY","LIBERAL                        ","25236"
"1039","094","2011","ROTENBERG","VEGAN ENVIRONMENTAL PARTY","93"
"1040","094","2011","SARAZEN","PATRON                         ","29"
"1041","094","2011","YAZDANFAR","CHRISTIAN CREDIT               ","19"
"1042","094","2011","REJECTED","REJECTED","205"
"1043","094","2011","UNMARKED","UNMARKED","57"
"1044","094","2011","DECLINED","DECLINED","24"
"1045","094","2011","VOTER_TURNOUT","VOTER_TURNOUT","46222"
"1046","094","2011","ELECTORS","ELECTORS","95466"
"1047","095","2011","CLARKE","FAMILY COALITION PARTY OF ONTARIO","143"
"1048","095","2011","JETHI","PROGRESSIVE CONSERVATIVE       ","3488"
"1049","095","2011","MERCER","THE ONLY PARTY","110"
"1050","095","2011","RECKER","ONTARIO LIBERTARIAN PARTY","440"
"1051","095","2011","RICHARDSON","CHRISTIAN CREDIT               ","75"
"1052","095","2011","STERLING","LIBERAL                        ","11369"
"1053","095","2011","TABUNS","NEW DEMOCRATIC                 ","20062"
"1054","095","2011","VERA","FREEDOM                        ","107"
"1055","095","2011","WHALLEY","GREEN                          ","1354"
"1056","095","2011","REJECTED","REJECTED","157"
"1057","095","2011","UNMARKED","UNMARKED","45"
"1058","095","2011","DECLINED","DECLINED","24"
"1059","095","2011","VOTER_TURNOUT","VOTER_TURNOUT","37374"
"1060","095","2011","ELECTORS","ELECTORS","75815"
"1061","096","2011","AHMED","NEW DEMOCRATIC                 ","139"
"1062","096","2011","FOGEL","SOCIALIST PARTY OF ONTARIO","117"
"1063","096","2011","GRANT","GREEN                          ","2415"
"1064","096","2011","MARCHESE","NEW DEMOCRATIC                 ","19870"
"1065","096","2011","OCRAN-CAESAR","PARTY FOR HUMAN RIGHTS IN ONTARIO","88"
"1066","096","2011","THOMSON","LIBERAL                        ","18731"
"1067","096","2011","URSOMARZO","FREEDOM                        ","126"
"1068","096","2011","YEN","PROGRESSIVE CONSERVATIVE       ","5420"
"1069","096","2011","REJECTED","REJECTED","112"
"1070","096","2011","UNMARKED","UNMARKED","65"
"1071","096","2011","DECLINED","DECLINED","28"
"1072","096","2011","VOTER_TURNOUT","VOTER_TURNOUT","47111"
"1073","096","2011","ELECTORS","ELECTORS","109565"
"1074","097","2011","DONOFRIO","NEW DEMOCRATIC                 ","5594"
"1075","097","2011","FABRIZIO","ONTARIO LIBERTARIAN PARTY","929"
"1076","097","2011","FRYE","GREEN                          ","694"
"1077","097","2011","GENCO","PROGRESSIVE CONSERVATIVE       ","15420"
"1078","097","2011","MARINO","ONTARIO PROVINCIAL CONFEDERATION OF REGIONS PARTY","169"
"1079","097","2011","NATALE","REFORM PARTY OF ONTARIO","218"
"1080","097","2011","QUATELA","INDEPENDENT","169"
"1081","097","2011","SORBARA","LIBERAL                        ","26174"
"1082","097","2011","REJECTED","REJECTED","308"
"1083","097","2011","UNMARKED","UNMARKED","87"
"1084","097","2011","DECLINED","DECLINED","11"
"1085","097","2011","VOTER_TURNOUT","VOTER_TURNOUT","49773"
"1086","097","2011","ELECTORS","ELECTORS","121154"
"1087","098","2011","CRIDLAND","GREEN                          ","1005"
"1088","098","2011","FORSTER","NEW DEMOCRATIC                 ","19527"
"1089","098","2011","HAMILTON","ONTARIO LIBERTARIAN PARTY","505"
"1090","098","2011","MERCIER","LIBERAL                        ","8638"
"1091","098","2011","URSINI","PROGRESSIVE CONSERVATIVE       ","14048"
"1092","098","2011","REJECTED","REJECTED","200"
"1093","098","2011","UNMARKED","UNMARKED","36"
"1094","098","2011","DECLINED","DECLINED","12"
"1095","098","2011","VOTER_TURNOUT","VOTER_TURNOUT","43971"
"1096","098","2011","ELECTORS","ELECTORS","85141"
"1097","099","2011","ARNOTT","PROGRESSIVE CONSERVATIVE       ","23495"
"1098","099","2011","DARTSCH","GREEN                          ","1309"
"1099","099","2011","HAMILTON","ONTARIO LIBERTARIAN PARTY","6106"
"1100","099","2011","JOHNSON","LIBERAL                        ","11334"
"1101","099","2011","REJECTED","REJECTED","70"
"1102","099","2011","UNMARKED","UNMARKED","44"
"1103","099","2011","DECLINED","DECLINED","23"
"1104","099","2011","VOTER_TURNOUT","VOTER_TURNOUT","42381"
"1105","099","2011","ELECTORS","ELECTORS","82926"
"1106","100","2011","ELLIOTT","PROGRESSIVE CONSERVATIVE       ","24499"
"1107","100","2011","GIBSON","GREEN                          ","1139"
"1108","100","2011","KING","PARTY FOR PEOPLE WITH SPECIAL NEEDS","211"
"1109","100","2011","ROY","LIBERAL                        ","16988"
"1110","100","2011","SADEM-THOMPSON","NEW DEMOCRATIC                 ","7865"
"1111","100","2011","THOM","FREEDOM                        ","160"
"1112","100","2011","REJECTED","REJECTED","105"
"1113","100","2011","UNMARKED","UNMARKED","25"
"1114","100","2011","DECLINED","DECLINED","24"
"1115","100","2011","VOTER_TURNOUT","VOTER_TURNOUT","51016"
"1116","100","2011","ELECTORS","ELECTORS","102672"
"1117","101","2011","AGOVINO","PROGRESSIVE CONSERVATIVE       ","14528"
"1118","101","2011","BROWN","LIBERAL                        ","5556"
"1119","101","2011","BROWN","LIBERAL                        ","5556"
"1120","101","2011","VETTESE","GREEN                          ","874"
"1121","101","2011","ZIMMER","LIBERAL                        ","21984"
"1122","101","2011","REJECTED","REJECTED","99"
"1123","101","2011","UNMARKED","UNMARKED","77"
"1124","101","2011","DECLINED","DECLINED","27"
"1125","101","2011","VOTER_TURNOUT","VOTER_TURNOUT","43442"
"1126","101","2011","ELECTORS","ELECTORS","95694"
"1127","102","2011","DE VERTEUIL","DE VERTEUIL","7751"
"1128","102","2011","DOMINATO","ONTARIO LIBERTARIAN PARTY","476"
"1129","102","2011","DUNCAN","GREEN                          ","15946"
"1130","102","2011","LEVESQUE","GREEN                          ","830"
"1131","102","2011","MCAVOY","NEW DEMOCRATIC                 ","12228"
"1132","102","2011","REJECTED","REJECTED","142"
"1133","102","2011","UNMARKED","UNMARKED","40"
"1134","102","2011","DECLINED","DECLINED","40"
"1135","102","2011","VOTER_TURNOUT","VOTER_TURNOUT","37453"
"1136","102","2011","ELECTORS","ELECTORS","83807"
"1137","103","2011","BRANCH","PROGRESSIVE CONSERVATIVE       ","8476"
"1138","103","2011","CHARIF","NEW DEMOCRATIC                 ","10544"
"1139","103","2011","DUROCHER","GREEN                          ","1051"
"1140","103","2011","PIRUZZA","LIBERAL                        ","14127"
"1141","103","2011","REJECTED","REJECTED","128"
"1142","103","2011","UNMARKED","UNMARKED","61"
"1143","103","2011","DECLINED","DECLINED","24"
"1144","103","2011","VOTER_TURNOUT","VOTER_TURNOUT","34411"
"1145","103","2011","ELECTORS","ELECTORS","82773"
"1146","104","2011","EPSTEIN","ONTARIO LIBERTARIAN PARTY","846"
"1147","104","2011","FAGAN","NEW DEMOCRATIC                 ","4579"
"1148","104","2011","KWINTER","LIBERAL                        ","14694"
"1149","104","2011","MOSTYN","PROGRESSIVE CONSERVATIVE       ","11506"
"1150","104","2011","PANCER","INDEPENDENT","127"
"1151","104","2011","SHEVYRYOV","GREEN                          ","535"
"1152","104","2011","TAL","FREEDOM                        ","108"
"1153","104","2011","REJECTED","REJECTED","216"
"1154","104","2011","UNMARKED","UNMARKED","91"
"1155","104","2011","DECLINED","DECLINED","18"
"1156","104","2011","VOTER_TURNOUT","VOTER_TURNOUT","32720"
"1157","104","2011","ELECTORS","ELECTORS","71531"
"1158","105","2011","HARRISON","FREEDOM                        ","201"
"1159","105","2011","HELMAN","GREEN                          ","1479"
"1160","105","2011","HODGINS","ONTARIO LIBERTARIAN PARTY","489"
"1161","105","2011","MUNRO","PROGRESSIVE CONSERVATIVE       ","20425"
"1162","105","2011","RESZLER","LIBERAL                        ","9496"
"1163","105","2011","TAY","NEW DEMOCRATIC                 ","6607"
"1164","105","2011","REJECTED","REJECTED","133"
"1165","105","2011","UNMARKED","UNMARKED","20"
"1166","105","2011","DECLINED","DECLINED","30"
"1167","105","2011","VOTER_TURNOUT","VOTER_TURNOUT","38880"
"1168","105","2011","ELECTORS","ELECTORS","90599"
"1169","106","2011","ALBANESE","LIBERAL                        ","13805"
"1170","106","2011","COMPTON","FREEDOM                        ","151"
"1171","106","2011","DANIEL","PROGRESSIVE CONSERVATIVE       ","3441"
"1172","106","2011","FERREIRA","NEW DEMOCRATIC                 ","13071"
"1173","106","2011","JARRETT","GREEN                          ","474"
"1174","106","2011","RADEJEWSKY","NO AFFILIATION","45"
"1175","106","2011","REJECTED","REJECTED","161"
"1176","106","2011","UNMARKED","UNMARKED","50"
"1177","106","2011","DECLINED","DECLINED","16"
"1178","106","2011","VOTER_TURNOUT","VOTER_TURNOUT","31214"
"1179","106","2011","ELECTORS","ELECTORS","69580"
"1180","107","2011","AITCHISON","INDEPENDENT","89"
"1181","107","2011","BAPTISTE","FREEDOM                        ","107"
"1182","107","2011","CORNELL","LIBERAL                        ","114"
"1183","107","2011","NATION","PROGRESSIVE CONSERVATIVE       ","2735"
"1184","107","2011","RAKOCEVIC","NEW DEMOCRATIC                 ","7901"
"1185","107","2011","RINI","GREEN                          ","287"
"1186","107","2011","SERGIO","LIBERAL                        ","11455"
"1187","107","2011","REJECTED","REJECTED","109"
"1188","107","2011","UNMARKED","UNMARKED","43"
"1189","107","2011","DECLINED","DECLINED","18"
"1190","107","2011","VOTER_TURNOUT","VOTER_TURNOUT","22858"
"1191","107","2011","ELECTORS","ELECTORS","58255"
